Topic,2025-10-01,2025-10-02,2025-10-03,2025-10-04,2025-10-05,2025-10-06,2025-10-07,2025-10-08,2025-10-09,2025-10-10
Bring back 10 minute bolt delivery,0,0,0,0,0,0,0,0,0,0
Delivery issue,3,5,1,1,3,3,0,2,2,0
Delivery partner rude,0,2,2,0,5,2,2,1,3,1
Food stale,0,0,0,0,0,0,0,0,0,0
Frustrating Customer Attraction Strategy,0,0,0,0,0,0,0,0,0,0
Instamart should be open all night,0,0,0,0,0,0,0,0,0,0
Lack of Accountability,0,0,0,0,1,0,0,1,0,0
Lack of Notification on Refund Policy,0,0,0,0,0,0,0,0,0,0
Maps not working properly,0,0,0,0,0,0,0,0,0,0
Poor Membership Benefits,0,0,0,0,0,0,0,0,0,0
Confusing Tracking System,0,0,0,1,0,0,0,0,0,0
Customer Care Issues,1,2,1,1,2,0,1,1,0,1
"I couldn't extract any specific issues or feedback points from the review. The text appears to be an expression of surprise or astonishment (""Bhut ajeeb ho"" is a Hindi phrase that translates to ""It's very strange""). 

Response: N/A",0,1,0,0,0,0,0,0,0,0
Reliability Comparison with Zomato,0,0,0,0,0,0,1,0,0,0
Rude Customer Support,0,1,1,1,1,1,0,0,0,0
Fraudulent App Services,1,0,0,0,1,0,0,0,0,0
Unhelpful Customer Care,3,0,2,0,3,1,0,1,1,0
App Functionality Problems,0,0,1,1,1,1,5,1,4,0
Poor Customer Satisfaction,0,0,0,0,0,0,1,0,0,0
Prices,0,0,1,0,0,0,0,0,1,0
Food Safety Concerns,0,0,0,1,0,0,0,0,0,1
Partner Experience,0,0,0,1,0,0,0,1,0,0
Untrustworthy Store Policy,0,0,1,0,0,0,0,0,0,0
Order Processing Speed,1,0,0,0,1,0,0,0,0,0
Discounts,0,0,1,0,2,1,2,0,1,0
Safety Concerns,0,0,0,0,1,1,0,0,0,0
Misleading Order Status,1,0,0,0,0,0,1,1,0,0
Cost,1,0,0,0,0,0,1,0,0,0
"I'll do my best to extract topics from the review despite it being in a language I don't understand (Marathi). Based on the text, I can identify some keywords and phrases that might indicate issues or feedback points. Here are my attempts:

N/A

Unfortunately, without knowing Marathi, I'm unable to accurately interpret the content of the review. If you could provide more context or translate the text, I'd be happy to help extract distinct topics from it.",0,0,0,1,0,0,0,0,0,0
Ungrateful Customer Service,0,0,0,0,0,0,0,0,1,0
Unfair Delivery Charge,0,1,0,1,2,0,1,3,0,0
Incomplete Order,0,1,0,2,0,0,0,0,0,0
Boycott Swiggy in India,0,0,1,0,0,0,0,0,0,0
Excessive GST Charges,0,1,0,0,0,0,0,0,0,0
Chatbot Functionality,0,0,0,0,0,0,0,0,1,0
Missing Request Confirmation,0,0,0,1,0,0,0,0,0,0
Unfair Platform Experience,0,0,0,0,1,0,0,0,0,0
Charging Extra Fees,1,0,1,1,2,0,0,0,0,0
Inaccurate Estimated Delivery Time,1,3,0,0,0,3,3,1,0,1
Payment Method Blocked Issue,0,0,1,0,0,0,1,0,0,0
Return/Refund Issues,6,4,7,6,7,5,2,8,6,0
Stock Issues,0,0,0,1,0,0,0,0,0,0
No Support,0,0,0,1,0,0,0,0,0,0
Order Not Picked Up,0,0,0,1,0,0,0,0,0,0
Recommendation to Delete,0,1,0,0,0,0,0,0,0,0
Call Center Response,0,0,0,0,1,0,0,0,0,0
Inaccurate Product Description,0,1,0,0,0,0,0,0,0,0
Restaurant Closure Confusion,0,0,0,0,1,0,0,0,0,0
Expired Meat Delivery,0,0,0,1,0,0,0,0,0,0
दोहरा मापदंड,0,1,0,0,0,0,0,0,0,0
Wrong Order,0,0,1,0,0,0,0,0,0,0
Language Support Limitation,0,0,0,0,0,0,0,0,0,1
Inefficient Delivery Routing,1,0,0,0,0,0,0,0,0,0
Comparison with Zomato,0,0,0,0,1,2,1,0,1,0
"Here are the distinct issues, requests, or feedback points extracted from the review:

Minimum Cart Value",0,0,0,0,0,0,1,0,0,0
Delivery Boy's Lack of Intelligence,0,0,0,0,0,0,0,1,0,0
Order Cancellation without Refund,0,0,0,0,0,2,0,0,0,0
Falsely Marked Orders,0,0,1,0,0,0,0,0,0,0
Cancelled Orders,1,2,3,1,3,1,1,0,0,2
Ineffective Help System,0,1,0,0,0,0,0,0,1,0
Ordering Experience,0,0,0,2,0,0,0,0,0,0
Delay Service,1,1,1,0,0,1,1,3,1,0
App for Local Areas,0,0,0,0,0,1,0,0,0,0
Overpromising and Underdelivering,0,1,0,0,0,0,0,0,0,0
Order Delivery Time,2,0,4,4,0,2,2,3,1,0
Scam Allegations,0,0,0,0,0,1,0,0,0,0
Customer Rights Violation,0,0,0,1,0,0,0,0,0,0
More Good Offers Needed,0,0,1,0,0,0,0,0,0,0
Scamming Practices,0,2,0,0,0,0,1,0,1,0
Unfair Treatment of Employees,0,1,0,0,0,0,0,0,0,0
Bad Staff,0,0,0,0,0,1,0,0,0,0
Poor Order Experience,0,0,0,0,1,1,1,0,0,0
Order Not Being Processed,0,0,0,1,0,1,0,1,0,0
Pathetic Service,0,0,0,1,0,0,0,0,0,0
Unassigned Delivery Partner,1,0,0,0,0,0,0,0,1,0
Product Quantity,0,0,1,0,0,0,0,0,0,0
Inconsistent Food Quantity,0,0,0,0,1,0,0,0,0,0
Lack of Options,1,0,0,0,0,0,0,0,0,0
Lack of Personalized Attention,1,0,0,0,0,0,0,0,0,0
Price Comparison,0,0,0,0,1,0,0,0,0,0
Refund Coupon Delay,0,1,0,0,0,0,0,0,0,0
Poor Quality,0,2,1,0,1,0,3,2,1,1
No service provided in area.,0,0,0,0,0,0,0,0,1,0
Uselessness of App,0,0,0,0,0,0,0,1,0,0
Customer Support Response Time,0,0,1,0,5,0,0,2,2,0
GST Scam,0,0,0,0,0,0,1,0,0,0
No Refund System,0,1,0,0,0,0,0,0,1,0
App Usability,1,0,0,0,0,1,1,1,1,0
"The review seems to be in Hindi. Based on my understanding of the language, I'll try to extract some key points:

Offer quality not good",0,0,0,0,0,1,0,0,0,0
Cheating Customers' Health,0,0,0,0,1,0,0,0,0,0
Money,0,0,1,0,0,0,0,0,0,0
Cheated by Company,0,0,0,1,0,0,0,0,0,0
Lack of Refund Policy,1,0,2,2,2,2,3,2,1,1
No Alternate Solution,0,0,1,0,0,0,0,0,0,0
Unfair Deductions,0,0,0,0,0,2,0,0,0,0
Incorrect Charge,0,0,0,1,0,0,1,3,1,0
Call Connection Problems,0,0,0,0,0,1,0,0,0,0
Food Order Experience,0,0,1,0,0,0,0,0,0,0
Customer Service Unavailability,1,1,0,0,0,0,0,0,0,0
Poor Accountability,0,1,0,0,0,0,0,0,0,0
Delivery Not Delivered,0,0,0,1,0,0,0,1,0,0
"N/A 

There is not enough information in the review to extract any specific issues, requests, or feedback points.",1,0,1,0,1,0,0,1,0,0
Unresolved Problems,1,0,1,1,0,0,1,0,0,0
Food Delivery Issues,0,1,0,0,0,0,1,1,0,0
Delivery Service,0,2,3,1,3,1,5,0,1,0
Unsuccessful Order Conversion,1,0,0,0,0,0,0,0,0,0
"Here are the distinct issues, requests, or feedback points extracted from the review:

Lack of Customer Centricity",0,1,0,0,0,0,0,0,0,0
Unreliable Service Provider,2,4,3,1,2,5,2,3,1,1
Unresponsiveness problems,1,2,1,1,2,0,2,5,2,1
Damaged Products,1,1,0,2,0,0,1,0,1,0
Alternative Options,1,0,0,0,0,1,0,0,0,0
Switching to Competitors,0,1,0,1,0,0,0,0,0,0
Awful Taste,0,1,0,0,0,0,0,0,0,0
Ineffective Issue Resolution.,0,1,0,0,0,0,0,1,0,0
Lack of Notification,0,0,1,0,1,0,0,0,0,1
Health effects,0,0,0,1,0,0,0,0,0,0
Annoying AI Chat Experience,0,2,0,0,0,0,0,1,0,0
Scam,1,0,0,0,1,1,0,0,1,0
Short Cancellation Timeframe,0,0,0,0,0,1,0,0,0,0
Late Orders,2,4,3,2,2,1,4,1,3,0
Unreliable Delivery Partner Assignment,0,0,0,1,1,1,1,0,2,0
Unreliable Order Handling,0,1,1,0,1,0,0,0,1,0
Open Menu Problem Issue,0,0,0,0,1,0,0,0,0,0
Unnecessary Wait Time,0,0,0,0,0,0,0,2,0,0
Duplicate Charges Issue,1,0,1,0,0,0,0,0,0,0
Account Reactivation Needed,0,0,1,0,0,0,0,0,0,0
Wrong Orders Delivered,0,0,0,0,0,1,0,0,1,0
Spoiled Food Order,0,0,1,0,0,0,0,0,0,0
Excessive Platform Fee,2,0,1,0,0,1,1,0,0,0
"Here are the distinct issues and feedback points extracted from the review:

Delivery Partner Issues",0,0,0,0,0,1,0,0,0,0
"Here are the distinct issues and feedback points extracted from the review:

Order Confirmation Issues",0,0,0,0,0,1,0,0,0,0
Inaccurate Delivery,1,3,1,0,2,1,0,1,1,0
Stale Chicken Order,0,0,0,0,1,0,0,0,0,0
Price Gouging,0,0,0,0,0,0,0,1,0,0
Driver Allocation Algorithm,0,0,0,0,0,0,0,1,0,0
Quality,1,1,0,0,1,1,0,0,2,0
Restaurant Availability Confusion,0,0,0,0,1,0,0,0,0,0
Product Authenticity Issue,0,0,0,0,0,0,1,0,0,0
Faulty Food Orders,0,0,0,0,0,0,1,0,0,0
"N/A 

The review is too short and doesn't contain any descriptive text.",0,0,0,0,0,1,0,0,0,0
Order Confirmation Issues,0,0,0,0,1,0,0,0,1,0
No Update Provided,0,0,0,0,1,0,0,0,0,0
No Complaint Mechanism,0,0,0,1,0,0,0,0,0,0
Loss of Money,0,0,1,0,0,0,1,0,1,0
Incorrect Address Display,0,2,0,0,1,0,0,0,0,0
Company Trust,0,0,0,0,0,0,0,0,1,0
Time Waste,0,0,1,0,0,1,0,0,1,0
Bad Experience,0,0,1,0,1,0,0,0,0,0
Broken Promises,0,0,1,0,0,1,0,1,0,0
Excessive Advertising,1,0,1,1,1,1,0,0,0,0
Distance,0,1,0,0,0,0,0,0,0,0
Unresponsive Delivery Partner Assignment,0,0,1,1,1,1,0,0,1,0
"Here are the distinct issues, requests, or feedback points extracted from the review:

Order Not Prepared Correctly",0,0,0,0,0,0,0,1,0,0
"N/A 

There is not enough information in the review to identify any specific issues, requests, or feedback points. The review only contains a positive statement about the app's performance.",0,0,0,0,0,0,0,0,1,0
Nice App,0,0,0,1,0,0,0,0,0,0
Cheating Scam,0,0,0,1,0,0,0,0,0,0
Inconsiderate Policy Makers,0,0,0,0,0,0,1,0,0,0
Poor Service Provider,2,1,4,1,0,0,4,2,1,0
Fair Pricing Practice,1,0,0,0,1,0,0,0,0,0
"Here are the distinct issues, requests, or feedback points extracted from the review:

Non-delivery of food",0,0,0,0,1,0,0,0,0,0
High Charges,0,0,0,0,0,0,0,1,1,0
Cold Food,0,0,0,1,0,0,0,1,1,0
Unclear Communication,1,0,0,0,1,0,0,0,0,0
Delivery Boy Issues,0,0,0,0,1,0,0,0,0,0
Competitor Comparison,1,0,0,0,0,0,0,0,0,0
"Here are the distinct issues, requests, or feedback points extracted from the review:

Defective Power Bank",0,0,0,1,0,0,0,0,0,0
Lack of Updates,0,1,0,0,0,0,0,0,0,0
Speed,1,0,2,2,3,0,1,0,1,1
Unfair Customer Burden,0,0,0,1,0,0,0,0,0,0
Delivery Agent Positioning,0,1,0,0,0,0,0,0,0,0
Surge Pricing Problem,0,0,1,0,1,0,0,0,0,0
"N/A 

(This review is very positive and does not mention any specific issues or feedback points.)",0,0,0,0,1,0,0,0,0,0
SIM Card Issues,0,0,0,0,1,0,0,0,0,0
Inconsistent Food Quality.,0,0,0,0,0,0,0,0,1,0
Distance Accuracy,0,0,1,1,0,0,1,0,0,0
Lack of Care,0,1,0,0,0,0,1,0,0,0
Frustrating Hunger Experience,1,0,0,0,0,0,0,0,0,0
Worst Service Experience,0,0,0,0,0,0,2,0,1,0
Bad Quality Food,0,1,0,0,0,0,1,0,0,0
Eroding Customer Trust,0,0,0,1,0,0,0,0,1,0
Inadequate Compensation Offered.,2,0,1,0,1,0,0,1,0,0
Delivery Person,0,1,0,1,0,0,0,0,0,0
Lack of Resolution,0,0,0,0,1,2,0,0,0,0
Credibility of Notifications,0,0,0,0,0,0,0,0,1,0
Misleading Customer Service,1,0,0,0,0,0,0,1,0,0
Time Wasted,0,0,0,0,1,0,0,0,0,0
Charging for Delivery,0,0,0,0,1,0,0,0,2,0
Fasting benefits,0,0,0,1,0,0,0,0,0,0
Delivery Experience,1,2,0,1,2,0,0,1,1,0
Restaurant Location,1,0,0,0,0,0,0,0,0,0
"Here are the distinct issues, requests, or feedback points extracted from the review:

Incapable Support Team",1,0,0,0,0,0,0,0,0,0
Disrespectful Treatment by Swiggy,0,0,0,0,0,0,0,1,0,0
Order Not Found,0,0,0,0,0,0,1,0,0,0
Delivery service quality.,0,2,1,1,0,0,1,1,1,0
Attitude Towards Delivery,0,0,0,0,0,0,1,0,0,0
Unfair Charge Refund Policy,0,1,0,1,0,0,0,0,1,0
"Here are the distinct issues, requests, or feedback points extracted from the review:

Cancellation Fee Charges",0,0,0,0,0,1,0,0,0,0
Service Improvement Needed,0,0,0,0,0,0,0,1,0,0
Fake Golden Membership Offer,0,0,1,0,0,0,0,0,0,0
Harassment by Company,0,0,0,0,1,0,0,0,0,0
Unresolved Food Complaint,0,0,0,0,0,1,0,0,0,0
"Here are the distinct issues, requests, or feedback points extracted from the review:

Order Cancellation Issue",0,0,0,0,0,1,0,0,0,0
Hang Ups,1,0,0,0,0,0,0,0,0,0
No Response from Customer Care,0,0,0,0,1,0,0,1,0,0
Experience,0,0,1,0,0,0,0,0,0,0
"Here are the distinct issues and feedback points extracted from the review:

Fraudulent Delivery Partner",0,0,0,0,0,0,0,0,1,0
Delivery Time Inquiry,1,2,1,1,0,1,1,0,1,0
Unprofessional Behavior,1,1,1,0,0,0,2,1,0,0
Missing Order Item,1,7,3,3,2,4,2,1,1,0
Refund Policy Problems,1,1,1,1,4,3,0,1,0,0
Misleading Promotions.,1,1,0,0,0,1,0,1,0,0
Coupon Discount Issue,1,0,0,1,1,1,0,1,1,0
Application Usefulness,0,0,0,0,0,0,1,0,0,0
Order Placement Problem,0,0,0,0,0,0,1,0,0,0
Delivery Timing,2,3,1,3,4,5,3,7,2,0
Stale Food Issue,0,0,0,0,0,0,1,0,0,0
Out of Stock Product,1,1,0,0,0,1,0,1,0,0
Lack of Control Over Partners,0,0,0,1,0,0,0,0,0,0
Useless App Experience,0,0,0,0,0,0,0,1,0,0
Customer Support Problems,4,4,3,1,2,5,3,4,0,0
"N/A 

There is no review provided. Please provide the actual review for me to extract key topics from.",0,0,0,1,0,0,0,0,0,0
Lack of Acknowledgment,0,0,1,0,0,1,0,0,0,0
No Service,0,0,0,0,1,0,0,0,0,0
"Here are the distinct issues, requests, or feedback points extracted from the review:

Lack of Support",0,0,0,0,0,0,0,0,1,0
Swiggy Service,0,0,0,0,1,1,1,0,0,0
Location Selection Process,0,0,0,0,0,1,0,0,0,0
"N/A 

The review appears to be a complaint about the rating of an app, but it's unclear what specific issues are being referred to. The text contains grammatical errors and doesn't provide clear feedback points.",0,0,0,0,1,0,0,0,0,0
Late Delivery,8,11,9,9,7,9,15,8,8,2
Time,0,0,2,0,1,0,0,0,0,0
No Agent Contact,0,0,0,0,0,1,0,0,0,0
Payment System Problem,0,0,0,0,0,0,1,0,0,0
Delivery Quality,0,0,0,0,0,0,0,1,1,0
"N/A 

There is not enough information in the review to identify distinct issues, requests, or feedback points. The text appears to be a list of names with ""F"" preceding each one, but it does not provide any context or description of problems or suggestions.",0,0,1,0,0,0,0,0,0,0
Account Location Error,0,2,0,0,0,0,0,0,0,0
"N/A 

(Note: The review is just the word ""bekar"", which doesn't provide any context or information for me to extract distinct issues, requests, or feedback points.)",0,0,0,0,0,0,1,0,0,0
Lack of Support,2,0,0,0,0,3,1,1,0,0
"I don't think I can extract any specific issues or feedback points from the review as it appears to be a Hindi phrase that translates to ""Please arrive quickly"" in English. It's more of an expression than a detailed review.

However, if I had to break it down into a topic:

Delivery Time",0,0,0,0,0,0,0,1,0,0
Unwanted COD Charge,0,0,0,0,0,0,0,0,1,0
Poor Food Packaging,0,1,0,0,1,1,0,0,0,0
Ice Cream Brick Needed,1,0,0,0,0,0,0,0,0,0
No Time Limits,0,0,0,0,0,1,0,0,0,0
Service,1,1,1,3,2,1,0,1,1,0
Maps,0,1,0,0,0,0,0,0,0,0
No Help Option Available,0,0,0,0,0,1,0,0,0,0
Fake Refund ID,0,0,0,0,0,0,0,1,0,0
Blame Shifting,0,0,0,0,0,0,0,0,1,0
Outdated Customer Service Platform.,0,1,0,0,0,0,0,0,0,0
Unauthorised Order Placement,0,0,0,0,1,0,0,0,0,0
Unresolved Complaints,1,0,0,1,0,1,0,0,0,0
Unable to View Review,1,0,0,0,0,0,0,0,0,0
Bug in Search Bar,0,0,0,0,0,0,2,0,0,0
Delayed Cancellation Request,1,0,0,0,0,0,0,0,0,0
I'm not able to extract any meaningful information from the review as it appears to be in a language I don't recognize. Could you please provide the review in English or another language that I can understand?,0,0,1,0,0,0,0,0,0,0
Critical Fault Found,0,0,0,1,0,0,0,0,0,0
Fraudulent Practices by Swiggy,0,0,0,0,0,0,1,0,0,0
Duplicate Order Issue,0,0,0,0,0,0,0,0,1,0
Unfair Cost Compensation.,0,0,0,0,0,0,0,0,1,0
"Here are the distinct issues, requests, or feedback points extracted from the review:

Customer Support Removed",0,1,0,0,0,0,0,0,0,0
Food Stolen by Company,0,0,1,0,0,0,0,0,0,0
"N/A 

There is no text in the review to extract topics from.",0,1,0,0,0,0,0,0,2,0
Time Wasting Experience,0,0,0,0,0,0,1,1,1,0
Fake App,0,0,0,0,0,1,0,0,0,0
Frustration with Service,1,0,0,0,0,0,0,0,0,0
Account Suspension,0,0,0,0,0,0,0,0,1,0
Ease of Access,0,0,0,0,1,0,0,0,0,0
Login Issues,0,0,0,0,0,0,0,0,1,0
Cake Order Discrepancy,0,0,0,0,0,0,0,0,1,0
Food Delivery Option,0,0,0,0,1,0,0,0,0,0
Payment Issue with App,2,2,0,0,0,1,1,0,1,0
Poor Communication.,1,2,1,0,2,0,2,2,2,1
Wait Time for Delivery.,0,0,0,0,1,0,0,0,0,0
Stability Issues,0,0,0,0,1,0,0,0,1,0
Cheating by Swiggy Instamart,0,0,1,0,0,0,0,0,0,0
Scammer,0,0,1,0,0,0,0,0,1,0
No Cancellation Option,0,0,1,0,2,0,0,0,0,0
Unresolved Order Issues,2,0,0,0,0,0,0,0,0,1
"Here are the distinct issues, requests, or feedback points extracted from the review:

Poor Quality Eggs",0,0,0,0,1,0,0,0,0,0
Packaging Issue,0,0,0,0,1,1,0,0,0,0
Robbery Practices,0,0,0,0,0,1,0,0,0,0
Order Taking Issue,0,0,0,0,1,0,1,0,0,0
Misrepresentation,0,0,0,1,0,0,0,0,0,0
Customer Delivery Service,0,0,0,0,0,1,0,0,0,0
Unreliable Delivery.,0,1,1,0,0,1,4,2,0,0
App Reliability,2,1,2,0,1,2,3,0,1,0
Product failure,1,0,0,0,0,0,0,0,0,0
App Quality,2,2,1,1,2,0,0,2,0,0
Unaccountable Delivery Agency,0,1,0,0,0,0,0,0,0,0
Poor Partner Support,0,0,0,0,1,0,0,0,0,0
Worst Experience,0,0,2,0,0,0,0,0,0,0
Inconvenient User Experience,0,1,0,0,0,0,0,0,0,0
Advance Ordering Feature,1,0,0,0,0,0,0,0,0,0
"Here are the distinct issues and feedback points extracted from the review:

Cancellation Policy",0,0,1,0,0,0,0,0,0,0
Incomplete Order Delivery,0,0,0,1,1,0,0,0,0,0
Display of DOM Issue,0,0,0,0,0,0,1,0,0,0
Unfair Penalty Charges,0,0,1,0,0,0,0,0,0,0
Food Offers,0,0,0,0,0,0,0,0,1,0
Abuse of Customer Wallet,0,0,0,0,0,0,0,1,0,0
Bad Customer Service,1,1,0,1,0,1,0,2,1,0
False Advertising,0,1,0,0,0,0,0,0,1,0
Lack of Order Status Update,0,0,0,2,0,0,1,2,0,0
Ease of Movement,0,0,0,0,1,0,0,0,0,0
Restaurant Communication Issues,0,0,0,0,0,0,1,1,0,1
Bad Behaviour,0,0,0,0,0,1,0,0,0,0
Unfair Cancelation Policy,4,1,2,3,3,1,2,1,1,0
"I was expecting an English review. It seems like the review is in Hindi.

However, I can try to extract some possible topics from it:

App Not Working Properly",1,0,0,0,0,0,0,0,0,0
"N/A 

There is not enough text to extract any key topics. The review only contains a name (""Ashish Patel"").",0,0,0,1,0,0,0,0,0,0
"Here are the distinct issues, requests, or feedback points extracted from the review:

Missing Items Issue",0,0,0,0,0,0,0,0,1,0
Missing Order,0,1,1,1,1,0,0,1,0,0
Unfair Billing Practices,0,0,2,0,1,3,1,1,0,0
Unfair Price,0,0,1,0,1,0,0,3,0,0
Inconvenient Complaint Process,0,0,0,0,0,0,0,1,0,0
Demand,0,1,0,0,0,0,0,0,0,0
Hidden Location Restrictions,0,0,0,0,0,0,0,0,1,0
Long Wait for Food,0,1,0,0,0,0,0,0,0,0
Sharam Karna,0,0,0,0,0,0,1,0,0,0
Unrealistic Delivery Promises,0,0,0,0,0,0,0,0,1,0
"N/A 

There is only an emoticon in the review.",0,1,0,0,1,0,0,1,0,0
"N/A 

(This review is just an emoji and does not contain any text to extract topics from.)",2,1,1,1,3,0,0,4,0,0
App Fraud,0,0,0,1,0,0,0,0,0,0
Careless Delivery,0,0,0,0,0,1,0,0,0,0
Poor Value for Money,0,0,0,0,0,0,1,0,0,1
"Here are the distinct issues and feedback points extracted from the review:

Defective Product Delivery",0,0,0,0,0,1,0,0,0,0
Cancellation Policy Issue,2,1,0,1,1,2,4,0,3,0
Unintentional Order,0,0,1,0,0,0,0,0,0,0
Image Upload Limitation,0,0,0,0,0,0,0,1,0,0
Address Change Problem,0,1,0,0,0,0,0,0,0,0
Spam,0,1,0,0,0,0,0,0,0,0
Price Display Issue,0,0,0,0,0,0,1,0,0,0
Fake Restaurants,0,0,0,1,0,0,0,0,0,0
I don't see any text in the review. Please provide the actual review for me to extract key topics from.,0,1,0,0,0,0,0,0,1,0
"Here are the key topics extracted from the review:

N/A",0,0,0,0,0,0,1,0,0,0
High Prices on Swiggy.,0,0,1,0,0,0,0,0,0,0
Money Held Incorrectly,0,0,0,0,0,0,0,1,0,0
Swiggy App Experience,1,0,0,0,0,0,0,0,0,0
Fast Delivery App,0,0,0,0,1,1,0,0,0,0
Delivery Agent Scams,1,0,0,0,0,0,0,0,0,0
"The distinct issues, requests, or feedback points from the review are:

Security",0,1,0,0,0,0,0,0,0,0
Recommendation to Use Competitor (Zomato),0,0,0,0,0,1,1,1,0,0
Change Policy Inconsistency,0,0,0,0,0,0,2,0,0,0
"N/A 

There is not enough text to extract any key topics.",0,1,1,0,1,0,1,0,0,0
Request for More Chutney,1,0,0,0,0,0,0,0,0,0
Inadequate Corrective Action.,0,0,1,0,0,0,0,0,0,0
Unexpected Price Increase,0,1,0,0,0,0,0,0,0,0
Order Price,0,0,0,0,1,0,0,0,0,0
Exploitative Business Practice,0,0,0,0,0,0,1,0,0,0
Usefulness for Hostel Guests,0,0,0,0,0,0,0,0,1,0
App Performance,3,2,1,2,1,2,1,2,3,0
Membership Benefits Not Honored,0,0,0,0,0,0,0,1,0,0
Swiggy App Problems,0,0,0,0,0,1,0,0,0,0
Unprofessional Delivery Boy,0,0,1,0,0,0,0,0,0,0
Poor Presentation,0,1,0,0,0,0,0,0,0,0
"N/A 

(This review is too brief to extract any specific issues or feedback points)",0,0,0,0,1,0,0,0,0,0
Customer Service,2,1,6,1,0,5,3,3,4,0
"N/A 

There is no mention of specific issues, requests, or feedback points in the review. The review is a positive statement praising the app.",0,0,1,0,0,0,0,0,0,0
Late Delivery Refund Policy,0,0,1,0,0,1,0,0,0,0
Multiple Address Selection Issue,0,0,0,0,0,0,0,1,0,0
Poor Work Ethic,0,0,0,0,0,1,0,0,0,0
Potential Legal Issues,0,0,0,0,1,0,0,0,0,0
Lack of Efficiency,0,0,0,0,0,1,0,0,0,0
Unaddressable Issues,0,0,0,0,0,0,0,1,0,0
I'm unable to extract any meaningful information from the review as it appears to be gibberish. Response: N/A,0,0,0,0,0,0,0,1,0,0
Unrelated Food Orders,0,0,0,0,1,0,0,0,0,0
"Here are the distinct issues, requests, or feedback points extracted from the review:

Incorrect Distance Calculation",0,0,0,0,0,0,0,1,0,0
Taste,0,1,0,0,0,0,0,0,0,0
Delivery Option Availability,0,1,0,0,0,0,0,0,0,0
App Cancellation Issue,0,0,1,0,0,0,0,0,0,0
Needs Improvement,0,0,1,0,0,0,0,1,0,0
Decreased Quality of Service.,0,0,0,0,2,0,1,0,0,0
Scattered Food,0,0,0,0,0,0,0,1,0,0
Unfair Business Practices,1,0,1,1,0,0,0,0,1,1
Poor Food Partners,1,0,0,0,0,0,0,0,0,0
Lack of Relevant Solutions,0,0,0,0,1,0,0,0,0,1
Delivery Scams,0,0,0,0,1,0,0,0,0,0
Worst App Experience,0,1,0,1,0,0,0,0,0,0
Inadequate Communication,0,0,0,0,0,0,0,1,0,0
Customer Safety Compromised,0,0,1,0,0,0,0,0,0,0
Lack of Transparency,0,0,1,0,0,0,0,1,0,0
"N/A 

(Note: The review is a Hindi phrase that translates to ""very bad"", but it doesn't provide any specific details or feedback points.)",0,0,0,0,0,0,0,1,0,0
Unintended Payment Request,1,0,0,0,0,0,0,0,0,0
Unmet Expectations,0,0,0,1,0,0,0,0,0,0
Unfair Fee Charges,0,2,0,0,0,0,1,0,0,0
Poor Restaurant Management,0,1,0,0,0,0,0,0,0,0
Addressing Issues,0,1,0,0,0,0,0,0,0,0
Inconsiderate Company Policy,0,0,0,0,0,0,0,1,0,0
Order Not Cancelled,0,0,0,0,1,0,0,0,0,0
Poor Delivery Service,4,3,1,2,1,2,1,3,3,0
Coupon Fraud,0,0,0,0,0,0,1,0,0,0
Customer Recommendation,1,0,0,0,0,0,0,0,0,0
Bad Delivery Experience,0,0,0,1,0,1,0,0,0,0
App Recommendation,0,0,0,0,1,0,0,0,0,0
Lack of Problem Solving,0,0,0,0,0,0,1,0,0,0
Dark pattern use,0,0,1,0,0,0,0,0,0,0
Request for Offer,0,0,0,1,0,0,1,0,0,0
Offers Needed,0,0,0,0,0,0,0,1,0,0
Incorrect Order Preparation,0,0,0,0,0,1,0,0,0,0
Scam Membership Program,0,0,1,0,0,0,0,0,0,0
Lack of Personalization,0,1,0,0,0,0,0,0,0,0
"N/A 

There is no text to extract topics from.",0,0,0,0,0,0,0,1,1,0
Tracking System,0,0,0,0,0,0,1,0,0,0
Incorrect Order Placement,0,0,0,0,0,0,0,0,0,1
Time Experience,0,0,0,1,0,0,0,0,0,0
Urgent Service Needed,0,1,0,0,0,0,0,0,0,0
Scam Alert,0,1,0,0,0,0,0,0,0,0
"Here are the distinct issues, requests, or feedback points extracted from the review:

Incorrect Order Delivery",0,0,0,0,1,0,0,0,0,0
Disappointment,0,0,1,1,0,0,0,0,0,0
Lost Account Balance,0,0,0,0,0,1,0,0,0,0
Express Scams,1,0,0,0,0,0,0,0,0,0
Delivery Boy Scam,0,0,1,0,0,0,0,0,0,0
Waste App,0,0,0,0,1,0,0,0,0,0
Expired Items in Stock,0,0,0,1,0,0,0,0,0,0
Food Taken Without Payment,0,0,0,0,0,1,0,0,0,0
Food Availability,0,0,0,0,2,1,0,0,0,0
Allow Cancellation Option,0,0,0,0,0,0,1,1,0,0
Unhelpful Experts,0,0,0,0,0,0,0,1,0,0
Predefined Answers,0,0,0,0,1,0,0,0,0,0
Unresolved Issue Repeatedly,0,0,0,0,0,0,1,0,0,0
Inadequate Refund Policy.,0,0,0,1,1,0,0,0,0,0
Weight loss.,0,0,0,1,0,0,0,0,0,0
"Here are the distinct issues, requests, or feedback points extracted from the review:

Accidental Order",0,0,0,0,1,0,0,0,0,0
"N/A 

(Note: The review is a single word in Hindi that translates to ""excellent"" or ""wonderful"", so it doesn't contain any distinct issues, requests, or feedback points.)",0,0,0,1,0,0,0,0,0,0
Solution Provider,0,0,1,0,0,0,0,0,0,0
Order Rejection Issue,0,0,0,0,1,0,0,0,0,0
Frustrating Experience,0,0,1,0,1,0,0,1,0,0
Recommendation to Avoid,1,0,0,0,0,0,0,0,0,0
Subscription Upgrade Pressure,0,0,0,0,1,0,0,0,0,0
Offers,0,0,1,0,0,0,0,0,0,0
Ad,1,0,0,0,0,0,0,0,0,0
Missing Address Update,0,0,0,0,0,0,0,1,0,0
Poor Restaurant Response,0,1,0,0,0,0,0,0,0,0
Delayed Refund,0,3,0,1,2,0,1,0,0,0
Subscription Service Issue,0,0,0,0,1,0,0,0,0,0
Low Quantity,0,0,0,0,1,0,0,0,0,0
Delivery Executive Attitude,0,0,0,0,1,0,0,0,0,0
No Customer Choice,0,0,1,0,0,0,0,0,0,0
Incorrect Distance Display,0,0,0,0,1,0,0,0,0,0
Cheaters in Customer Care,1,0,0,0,0,0,0,0,0,0
Positive Emotion Expression,0,0,1,0,0,0,0,0,0,0
Hidden Charges,0,1,0,0,0,0,0,0,0,0
No Customer Support,3,3,1,0,1,1,0,1,0,0
Raining Delay,0,1,0,0,0,0,0,0,0,0
First Experience,0,0,0,1,0,0,0,0,0,0
No Return Option,0,0,0,0,0,0,1,0,0,0
Limited Dining Options Available,0,0,0,0,1,0,0,0,0,0
Bad Exchange Process,0,0,0,1,0,0,0,0,0,0
Missing Delivery,0,0,0,0,0,0,1,0,1,0
Inadequate Service,0,0,0,0,0,0,1,0,0,0
"N/A 

There is not enough information in the review to identify distinct issues, requests, or feedback points. The review only expresses a positive sentiment about the app's convenience.",1,0,0,0,0,0,0,0,0,0
Overcharging,1,1,0,0,0,0,0,0,0,0
App Help Centre,0,0,0,0,0,0,0,1,0,0
Swiggy Wallet Issue,0,1,0,0,0,0,0,0,0,0
Excessive Tax Charges,0,0,0,1,0,0,0,0,0,0
Compatibility,0,0,0,0,1,0,0,0,0,0
Rain Charges,0,0,0,1,0,0,0,0,0,0
Incorrect Order Cancellation.,0,0,0,0,1,0,0,0,0,0
Misleading Updates,0,0,0,0,0,0,1,0,0,0
Restaurant Unavailability,0,0,1,0,0,0,0,0,0,0
Poor Logistics Plan,0,0,0,0,0,0,0,1,0,0
Rating System,0,0,1,0,0,0,0,0,0,0
Fraudulent Service,0,0,0,0,1,0,0,0,0,0
Inconsistent Store Hours,0,0,0,0,0,0,1,0,0,0
Delivery Guy Ran Away,0,0,0,0,0,0,0,1,0,0
"N/A 

There is no clear issues, requests, or feedback points in the review. It appears to be a positive statement with enthusiastic language but lacks specific content related to the product or service being reviewed.",0,0,0,1,0,0,0,0,0,0
Fake Reviews,0,1,0,0,0,0,0,0,0,0
Payment Details Verification,0,0,0,0,0,1,0,0,0,0
Annoying Clickbait Tactics,0,0,0,1,0,0,0,0,0,0
Unfair Order Policy,0,1,0,0,0,0,0,0,0,0
Scams,0,0,0,0,0,0,1,0,0,0
"N/A 

There is no mention of any issues, requests, or feedback points in the review. It's a positive statement praising the delivery partner.",0,0,0,0,0,0,0,1,0,0
"Here are the distinct issues, requests, or feedback points extracted from the review:

Delivery Person Absent",0,0,0,0,0,0,0,1,0,0
Order Not Received,2,1,0,2,5,1,0,0,2,0
Order Issues,2,3,0,1,1,1,0,2,0,0
Unsatisfactory User Experience,1,0,0,0,0,0,1,0,0,0
Perishable Item Issues,0,0,1,0,0,0,0,0,0,0
Disappointing Experience.,0,1,0,0,2,0,0,0,0,0
Unfair Taxation,0,0,0,0,0,0,0,0,1,0
Missing Coupon,0,0,0,0,0,0,1,0,0,0
Member Privileges Inadequate,0,0,0,0,1,0,0,0,0,0
No Refunds,0,0,0,1,0,0,1,0,0,0
Unprofessional Delivery Agents,0,0,0,0,0,1,0,1,0,0
Lost Order,1,1,0,0,1,0,0,0,0,0
Unresponsive Delivery Boy,0,0,0,0,0,0,0,0,1,0
API Improvement Needed,0,1,0,0,0,0,0,0,0,0
Refund Denial,0,0,0,1,0,3,0,0,1,1
High Delivery Costs,0,0,0,0,2,0,1,0,0,0
Error with WiFi Connection,0,0,0,1,0,0,0,0,0,0
Money Scam,0,1,0,0,0,0,0,0,0,0
Delivery Partner Unavailable,0,0,0,0,0,0,1,0,0,0
Cancellation Charges,1,2,0,0,0,0,0,0,1,1
"Here are the distinct issues, requests, or feedback points extracted from the review:

* Badiya Offer",0,0,0,0,0,0,1,0,0,0
Non-delivery compensation,0,0,0,0,0,0,1,0,0,0
No Compensation Offered,1,0,0,0,0,0,0,0,0,0
"N/A 

(This review only contains emojis and does not contain any text.)",0,0,0,0,0,0,0,1,0,0
"N/A 

There is not enough information in the review to identify specific issues, requests, or feedback points. The review only contains a general statement of satisfaction.",0,0,0,0,0,0,1,0,0,0
Food Delivery Platform Comparison,0,0,0,0,1,0,0,0,0,0
Instant Delivery,0,0,0,0,0,0,0,1,0,0
Poor Food Delivery System,0,0,0,0,1,0,0,0,0,0
Unacceptable Product Handling,0,0,0,0,0,0,0,1,0,0
Ineffective IVR System,0,0,0,0,0,0,0,0,0,1
App Organization Suggestion,1,0,0,0,0,0,0,0,0,0
Bad Experience Ever,0,0,0,0,0,0,1,0,0,0
False Information Provided,0,0,0,1,0,0,0,0,0,0
Trust Issues,0,0,0,0,0,2,0,0,0,0
Cart Weight Limit Issue,0,0,0,0,0,0,1,0,0,0
"N/A 

There is not enough information in the review to extract any key topics.",0,0,1,0,0,0,0,0,2,0
Unhelpful App/Restaurant Staff,1,0,0,0,0,0,0,0,0,0
"N/A 

The review is in Hindi and the text only contains two words that don't provide any clear information about issues, requests, or feedback points.",0,0,0,0,0,0,1,0,0,0
"The review is in Hindi. Based on the text, I can extract the following distinct topics:

Price",0,1,0,0,0,0,0,0,0,0
Harassment Experience,0,1,0,0,0,0,0,0,0,0
Misrepresented Capacity,0,0,0,1,0,0,0,0,0,0
Food Delivery Experience,0,0,1,0,0,0,0,1,0,0
Product,0,0,1,0,0,0,0,0,0,0
"Here are the distinct issues and feedback points extracted from the review:

Incorrect Coupon Debit",0,0,0,0,0,0,0,1,0,0
"Here are the distinct issues, requests, or feedback points extracted from the review:

Delivery Not Received",0,0,0,0,1,0,0,0,0,0
Account Deactivation Request,0,0,0,0,0,0,1,0,0,0
"Here are the distinct issues, requests, or feedback points extracted from the review:

Long Wait Times",0,0,0,0,0,0,0,0,1,0
Unacceptable Service,0,0,0,1,0,0,0,0,0,0
"N/A 

(This review is too short and doesn't contain any specific issues or feedback points.)",0,0,0,0,1,0,0,0,0,0
Delivery Partner Faults,1,0,0,0,0,0,1,0,0,0
Kupan Code Issue,0,0,0,0,0,0,0,0,1,0
"I couldn't find any clear issues, requests, or feedback points in the review. The text appears to be a phrase in a language other than English.

 Response: N/A",0,0,0,0,0,1,0,0,0,0
Misleading Experience,0,0,0,0,0,1,0,0,0,0
Worst Customer Support,0,0,1,0,0,0,0,0,0,0
No Contact Information.,0,0,0,0,0,1,0,0,0,0
App Sucks,0,0,0,0,0,1,0,0,0,0
Store Location Preference,0,0,0,0,0,0,0,1,0,0
"N/A 

There are no clear topics or issues mentioned in the review. The text appears to be a collection of emoticons and emojis, rather than a written review with specific feedback or complaints.",1,0,0,0,0,0,0,0,0,0
Feedback Evaluation Problems,0,0,0,0,0,0,1,0,0,0
Food Gets Cold,0,1,0,0,0,0,0,0,0,0
Payment Not Returned,0,0,0,0,1,0,0,0,0,0
Inconsiderate Restaurant Owners,0,1,0,0,0,0,0,0,0,0
Mismatched Bills,0,0,1,0,0,0,0,0,0,0
Complaint Handling,0,0,0,0,0,1,0,0,0,0
"N/A 

There is no text to extract from. Please provide the review for me to analyze.",1,0,0,0,0,0,0,0,0,0
Offer Reduction Issue,0,1,0,0,0,0,0,0,0,0
Unfair Treatment by Support Team,0,0,0,0,0,1,0,0,0,0
Inconsistent Service Times,1,0,0,0,0,0,0,0,0,0
Public Review Section,0,0,0,0,1,0,0,0,0,0
Missing Online Review,1,0,0,0,0,0,0,0,0,0
Clarity of Instructions,1,0,0,0,0,0,0,0,0,0
Closed Issue Ticket,0,0,0,0,0,1,0,0,0,0
"Here are the distinct issues and feedback points extracted from the review:

Refund Not Provided",0,0,0,0,0,0,0,0,1,0
Inaccurate Order Timer,0,0,0,0,0,0,0,1,0,0
Scam on Wednesday Offers,0,0,0,0,0,0,0,1,0,0
Inadequate Compensation for Customers.,0,0,0,0,0,0,1,0,0,0
Lack of Promotions,0,0,0,0,2,0,0,0,0,0
"Here are the distinct issues, requests, or feedback points extracted from the review:

App is a Scam",0,0,0,0,0,1,0,0,0,0
"Here are the distinct issues, requests, and feedback points extracted from the review:

Incorrect Stock Listings",0,0,1,0,0,0,0,0,0,0
Unsatisfactory Responses,1,0,0,0,0,0,0,0,0,0
Cold Food Delivery,0,0,0,0,0,0,0,1,0,0
Unintuitive Close Button Size,0,0,0,1,0,0,0,0,0,0
Quality of Offers,0,0,1,0,0,0,0,0,0,0
Poor Value,0,0,0,0,0,0,0,1,0,0
Bug Fix Request,1,0,0,0,0,0,0,0,0,0
No Refund Provided,1,1,0,0,0,1,1,2,0,0
GST on Rain Fee,1,0,0,0,0,0,0,0,0,0
Lack of Funds,0,0,0,0,1,0,0,0,0,0
Extra Benefits Needed,0,0,0,0,1,0,0,0,0,0
Conflicting Order Status Updates,0,1,0,0,0,0,0,0,0,0
Technical Glitches,0,0,0,0,0,1,0,1,0,0
"Here are the distinct issues and feedback points extracted from the review:

Delays",0,0,0,0,0,1,0,0,0,0
"Here are the distinct issues, requests, or feedback points extracted from the review:

नियम तोड़ने वाली बड़ी कंपनियां",0,1,0,0,0,0,0,0,0,0
Forced Membership Sales,0,1,0,0,0,0,0,0,0,0
Expiring Products,0,0,0,0,0,0,0,1,0,0
Inconvenient Experience,0,0,0,0,1,0,0,0,0,0
"I think I have the review in Hindi! 

Here are the distinct issues, requests, or feedback points:

Price Too High",0,0,0,0,0,0,0,0,1,0
Unfair Penalty,0,0,0,0,1,0,0,0,0,0
Slow Resolution Process,1,0,0,0,0,0,0,0,0,0
Order Delivery Delay,0,1,1,0,0,0,0,1,1,0
"Here are the distinct issues and feedback points extracted from the review:

Payment Taken Immediately",0,0,0,0,0,1,0,0,0,0
Expired Product,0,0,0,0,1,0,0,0,0,0
Account Access Issue,0,0,1,0,0,0,0,0,0,0
Losing Genuine Customers.,0,0,0,0,0,0,0,1,0,0
Poor recommendation.,0,0,0,0,0,0,0,0,1,0
"Here are the distinct issues, requests, or feedback points extracted from the review:

Unavailability of Product Reviews",0,0,0,1,0,0,0,0,0,0
No Offer,0,1,0,0,0,0,0,0,0,0
Poor business ethics.,0,0,0,0,1,0,0,0,0,0
Free Home Delivery,0,0,0,0,0,0,0,1,0,0
Harassment by BPO Staff,0,0,0,0,0,0,0,0,1,0
Vehicle Problem,0,0,0,0,0,0,1,0,0,0
"N/A 

(This review appears to be a casual comment in Hindi and does not contain any clear issues, requests, or feedback points.)",0,1,0,0,0,0,0,0,0,0
"I'll do my best to extract the key topics from the review. However, please note that the text is in Hindi and may require some interpretation.

Based on the review, I've identified the following distinct issues:

Order Cancellation",1,0,0,0,0,0,0,0,0,0
Coupon Availability,0,1,0,0,0,0,0,0,0,0
Order Modification Policy,0,0,0,0,1,0,0,0,0,0
Food Handling Practices,0,1,0,0,0,0,0,0,0,0
High Service Rates,0,1,0,0,0,0,0,0,0,0
"N/A 

There is no mention of specific issues or feedback points in the review. It appears to be a general positive statement.",0,0,0,0,1,0,0,0,0,0
Faulty Swigg Light Issue,0,0,0,0,0,0,0,1,0,0
Scam Products,0,0,0,0,0,0,0,0,1,0
Unhelpful Responses,0,0,0,0,0,1,0,0,0,0
Inaccurate Map,0,0,0,0,0,0,0,1,0,0
"Here are the distinct issues, requests, or feedback points extracted from the review:

Handling Charges",0,0,0,0,0,1,0,0,0,0
"N/A 

There is not enough information in the review to extract distinct issues, requests, or feedback points.",0,1,1,0,0,0,0,0,0,0
Incorrect Branding,0,0,0,0,0,1,0,0,0,0
Price too high,0,0,0,0,0,1,0,0,0,0
Restaurant Navigation,0,1,0,0,0,0,0,0,0,0
"N/A 

(This review is in Hindi and appears to be a request or command rather than feedback or criticism. It translates to ""Deliver my order from Rohtak on Swiggy"")",0,0,0,0,0,0,0,1,0,0
Unsupportive Team,0,4,1,0,0,0,1,1,0,0
Traveler's Problem,0,0,0,0,0,0,0,1,0,0
Poor Business Practices,0,0,1,0,0,0,0,0,0,0
Poor App Experience,1,2,2,1,0,0,0,2,2,0
One App Experience,0,0,1,0,0,2,0,0,0,0
Inconsistent Pricing,0,0,0,0,1,0,0,0,0,0
Unhealthy Food Options Available,0,0,0,0,0,1,0,0,0,0
Waste of Money,0,0,2,0,0,0,0,0,0,0
Unresponsive Call Center,0,0,0,0,0,0,0,0,1,0
Restaurant Ratings Affected,0,1,0,0,0,0,0,0,0,0
Late Payment Fee Issue,0,1,0,0,0,0,0,0,0,0
Test Results Good,0,0,0,0,1,0,0,0,0,0
Customer Frustration,0,0,0,0,0,0,0,1,0,0
Order Process,0,0,0,0,0,0,0,0,1,0
Mistake Charges,0,0,0,0,0,0,1,0,0,0
"N/A 

There is not enough text to extract any meaningful information. The review appears to be a single word or name (""unaij khan"") without any context or description.",0,0,0,0,0,0,0,0,1,0
Vendor Coordination Problems,0,0,1,0,0,0,0,0,0,0
Availability in Kolkata,1,0,0,0,0,0,0,0,0,0
"Here are the distinct issues, requests, or feedback points extracted from the review:

Rotten Chicken",0,0,0,1,0,0,0,0,0,0
Free Cash Issue,0,0,0,0,0,0,1,0,0,0
"Here are the distinct issues, requests, or feedback points extracted from the review:

Delivery Associate Behavior",0,0,0,0,0,0,0,1,0,0
Food Not Prepared,0,1,0,0,0,0,0,0,0,0
Menu Clarity,0,1,0,0,0,0,0,0,0,0
Lack of Math Understanding,0,0,0,0,1,0,0,0,0,0
Unfulfilled Food Order,1,0,0,0,0,0,0,0,0,0
Higher Satisfaction,0,0,0,0,1,0,0,0,0,0
Missing Warranty Invoice,0,0,0,0,0,0,1,0,0,0
Incorrect Price Reduction,0,0,0,0,0,0,0,1,0,0
Unfair Treatment,0,0,0,1,0,1,0,0,0,0
Lack of Trust,0,0,0,0,1,0,0,0,0,0
Incorrect Auto-Fill Functionality,0,0,0,0,0,0,0,1,0,0
"N/A 

There is not enough information in the review to identify distinct issues, requests, or feedback points. The review appears to be a positive statement rather than a critique or suggestion.",0,0,1,0,0,0,0,0,0,0
Lack of Acceptance,0,0,0,1,0,0,0,0,0,0
Poor Agent Performance,0,0,0,0,0,0,0,1,0,0
No Refund,0,1,0,0,1,1,0,0,1,0
Health Risks,0,0,1,0,0,0,0,0,0,0
Swiggy Downfall,0,0,0,0,0,0,0,1,0,0
Legal Action Threatened,0,0,0,1,0,1,0,0,0,0
Ineffective Feedback Mechanism,0,1,0,0,0,0,0,0,0,0
Refund Not Processed,3,1,1,1,3,2,0,1,0,0
Uncredited Payment,0,0,0,0,1,0,0,0,0,0
Disrespect for Customer Time,0,0,0,0,0,0,0,1,0,0
Impersonal Experience,0,0,1,0,0,0,0,0,0,0
"Here are the distinct issues and feedback points extracted from the review:

Refund Issue",0,0,0,1,0,0,0,0,0,0
Threatening Delivery Driver,0,1,0,0,0,0,0,0,0,0
Restaurant Scam,0,0,1,0,0,0,0,0,0,0
Inefficient Refund Process,0,0,0,0,0,0,1,0,0,0
Cost of the App,0,0,1,0,0,0,0,0,0,0
Incorrect Store Selection,0,0,0,0,0,0,0,1,0,0
App for Late Night Hunger,0,0,0,0,0,0,0,0,1,0
Human Agent Access Denied,0,1,0,0,0,0,0,0,0,0
Unreliable Recommendation,0,0,0,0,1,0,0,0,0,0
Location Not Working,0,0,0,1,0,0,0,0,0,0
Customer Cheating Practices,0,0,0,0,1,1,0,0,0,0
Expired Items Received,0,1,0,0,0,0,0,0,0,0
Refund Speed,0,1,0,0,0,0,0,0,0,0
Quantity,0,0,1,0,0,0,0,0,0,0
Unfair Treatment of Customers,0,0,1,0,0,0,0,0,0,0
Unreliable Restaurant Information,0,0,0,0,0,0,1,0,0,0
"Here are the distinct issues and feedback points extracted from the review:

Packaging Charges",0,0,0,0,0,0,0,1,0,0
False Apology,0,0,1,0,0,0,0,0,0,0
Unfair Delivery Partner,0,0,0,0,1,0,0,0,0,0
"I think I see what's going on here. The review is in Hindi, and it appears to be a single word: ""फास्ट दिलवर"" (Fast delivery). There are no distinct issues, requests, or feedback points mentioned.

So, the response is:

N/A",0,0,0,0,0,0,1,0,0,0
"N/A 

(This review appears to be in Hindi and doesn't contain any specific issues or feedback points that can be extracted as distinct topics.)",0,0,0,0,0,0,0,1,0,0
Double Payment Issue,0,0,1,0,0,0,0,0,0,0
Delivery Boy Availability,0,0,0,0,0,0,1,0,0,0
"Here are the distinct issues and feedback points extracted from the review:

Packing Issues",0,0,0,0,0,0,0,1,0,0
"N/A 

There is not enough information in the review to identify distinct issues, requests, or feedback points. The text appears to be a brief expression of praise rather than a review with specific topics.",0,0,0,0,0,0,0,1,0,0
Order Not Fulfilled,0,2,0,1,0,0,0,1,0,0
Service Outage,0,0,0,0,0,0,0,0,1,0
Unfair Charges,1,1,1,0,1,0,1,1,0,0
"Here are the distinct issues, requests, or feedback points extracted from the review:

Cold and Disgusting Food",0,0,1,0,0,0,0,0,0,0
Rotten Vegetables,0,0,0,0,1,0,0,0,0,0
Delivery Boy Performance,0,0,0,0,0,0,1,0,0,0
Prompt Refund Request,0,0,0,0,0,0,0,0,1,0
On-time Service,0,0,0,0,0,0,0,0,1,0
App vs Google Map Discrepancy,0,0,0,0,0,0,1,0,0,0
"Here are the distinct issues, requests, or feedback points extracted from the review:

Cancellation Fees",0,0,0,0,0,0,0,1,0,0
Slow Performance,1,0,0,0,0,0,0,0,0,0
Food Not Delivered on Train,0,0,0,0,0,0,0,1,0,0
"Here are the distinct issues, requests, or feedback points extracted from the review:

Poor Customer Service Response",1,0,0,0,0,0,0,0,0,0
Rider Pickup Failure,0,0,1,0,0,0,0,0,0,0
"N/A 

(This review is too short to extract any meaningful information)",0,0,0,0,1,0,0,0,0,0
"N/A 

(This review is very brief and doesn't contain any specific issues or feedback points.)",0,0,1,0,2,0,1,0,0,0
Fraudulent Company Practices,0,2,0,0,0,0,0,0,0,0
Invalid Coupon Provided,0,0,0,0,1,0,0,0,0,0
High Price,0,0,1,0,0,0,0,0,0,0
Order Resolution,0,0,0,0,0,1,0,0,0,0
Unreliable restaurant handling,0,1,0,0,0,0,0,0,0,0
Food Not Delivered,1,0,0,0,0,0,0,0,0,0
Harassment Tactics Used,0,0,0,0,1,0,0,0,0,0
Fake Rating Issue,1,0,0,0,0,0,0,0,0,0
Frustrating Order Cancellation Process,0,1,0,0,0,0,0,0,0,0
Insect Found on Food,0,0,0,0,0,1,0,0,0,0
"N/A 

There is not enough text to extract any meaningful information.",1,0,0,0,0,0,0,0,0,0
"N/A 

There is no mention of any issues, requests, or feedback points in the review. It simply states that it was an ""Excellent Experience"", which is a positive sentiment but does not provide specific topics to extract.",0,0,0,0,0,0,0,1,0,0
Unfair Refund Policy,3,4,2,1,3,2,1,3,2,0
Looping Response Problem,0,1,0,0,0,0,0,0,0,0
"Here are the distinct issues, requests, or feedback points extracted from the review:

Refund Denial",0,0,0,0,0,1,0,0,0,0
Bad Service,0,1,1,1,3,1,0,0,1,0
Waste of Time.,0,0,0,0,0,0,0,0,1,0
Good Offers Available,0,0,1,0,0,0,0,0,0,0
Unhygienic Product Contamination,0,0,0,0,1,0,0,0,0,0
Stale Food,0,0,1,0,0,0,0,0,0,0
Delivery,0,0,0,0,0,0,0,0,1,0
Burnt Food,0,0,0,0,0,0,1,0,0,0
Fraudulent Refund Policy,0,0,0,0,1,0,0,0,0,0
Cheating Customers,0,2,0,0,1,0,0,0,0,0
Automatic Reply Issue.,0,0,0,0,0,0,0,1,0,0
"N/A 

(Note: The review only contains emojis and does not contain any text that can be analyzed for distinct issues, requests, or feedback points.)",0,0,0,1,0,0,0,0,0,0
"I couldn't extract any specific issues or feedback points from the review. The text appears to be in Hindi and translates to ""My order is late"" but it's a very general statement without any further details.

However, if I had to break it down into a topic:

Order Delivery Issue",0,0,0,0,0,0,0,0,1,0
Cancel Order Option Removal,1,0,0,0,0,0,0,0,0,0
"Here are the distinct issues, requests, or feedback points extracted from the review:

Poor Delivery Experience",0,0,0,0,1,0,0,0,0,0
Rider Misconduct,0,1,0,0,0,0,0,0,0,0
"Here are the distinct issues, requests, or feedback points extracted from the review:

Overcharging",0,0,1,0,0,0,0,0,0,0
Swiggy Complaint,0,0,0,0,0,0,1,0,0,0
Offers Availability,0,0,0,1,0,0,0,0,0,0
No Good Discount,0,0,0,0,0,0,1,0,0,0
Waste of Time,0,0,0,0,1,0,0,0,0,0
Repeated Problem Occurrence,0,0,0,0,0,0,0,1,0,0
Bad Quality Product Received,0,0,0,0,1,0,0,0,0,0
Lack of Courtesies,0,0,0,0,0,0,0,0,1,0
Missing Refund Option,0,0,0,0,0,0,0,1,0,0
"N/A 

The provided review appears to be nonsensical or gibberish. It does not contain any coherent text that can be analyzed for distinct issues, requests, or feedback points.",0,0,0,0,0,0,1,0,0,0
"Here are the distinct issues, requests, or feedback points extracted from the review:

Hidden Charges",0,0,1,0,0,0,0,0,0,0
Insect in Food,0,0,0,0,0,1,0,0,0,0
Bolt malfunction,1,0,0,0,0,0,0,0,0,0
Rating Manipulation Request,0,0,0,0,0,0,0,1,0,0
Unhelpful Resolution Offers,0,0,0,0,0,0,0,0,0,1
Unacceptable Charges,0,0,0,0,1,0,0,0,0,0
Useless AI Support.,1,0,0,0,0,0,0,0,0,0
Money Grabbing App,1,0,0,0,0,0,0,0,0,0
"N/A 

There is not enough information in the review to identify any specific issues or feedback points.",0,0,0,0,0,0,1,0,0,0
'Quality',2,2,4,2,4,0,2,5,3,1
'Prices',1,5,1,2,2,3,1,0,3,1
'Unnecessary Wait Time',3,2,2,0,2,3,1,2,0,0
Incorrect Order,1,1,0,2,2,2,1,1,1,1
Refund Policy,3,0,2,0,0,3,1,0,0,0
"""Cancellation Fee Charges""",1,0,0,0,0,0,0,1,0,0
"""Scam App"" 

The new topic ""Scam App"" matches semantically with one of the canonical candidates.",1,1,0,0,0,0,0,0,0,0
Order Cancellation Policy,1,1,0,0,0,1,0,0,0,0
Delivery Issue,2,4,2,0,2,5,0,2,2,2
Customer Service Issues,1,2,0,0,1,0,0,1,0,0
'Poor Customer Service',15,19,19,15,25,20,19,22,14,3
'Poor Food Quality',2,3,1,0,1,3,0,1,0,0
Invalid Coupon,1,0,0,0,0,0,0,0,0,0
Refund Process,1,0,0,1,0,0,0,0,0,0
Money Refund,1,0,0,0,0,0,0,0,0,0
Fraudulent Practices,1,0,0,1,0,0,0,0,0,0
'Poor Customer Satisfaction',3,5,0,0,3,1,2,3,3,0
Poor Customer Care,1,0,0,0,0,4,0,0,1,0
"""NEW_TOPIC""",1,1,1,0,0,0,1,1,1,0
'Unreliable Restaurant Information',1,0,0,1,0,0,0,0,0,0
App Delay Issues,1,0,0,0,0,0,0,0,0,0
'Unreliable Order Handling',1,0,0,0,0,0,0,0,0,0
Customer Support Issues,1,0,0,0,0,1,0,0,0,0
'Lack of Accountability',3,2,1,0,1,0,2,0,1,0
'Bad Customer Service',6,9,6,6,15,9,4,9,9,1
"""Delivery Service Issues"" is semantically identical to ""Delivery Service quality"". 

Canonical Topic: Delivery service quality",1,0,0,0,0,0,0,0,0,0
'Unexpected Price Increase',1,0,0,0,0,0,0,0,0,0
'Bad Quality Food',2,0,2,2,2,1,2,1,2,0
"""Order Cancellation Issue""",1,1,0,0,0,0,0,1,0,0
'Long Wait for Food',1,0,3,0,2,0,2,0,1,0
Incorrect Billing Amount,1,0,0,0,0,0,0,1,0,0
'Experience',1,0,0,1,0,2,0,2,0,0
'Lack of Support',1,1,0,1,0,1,0,0,1,0
"""Order Cancellation Issue"" 

(Note: The exact phrase is present in the list of canonical candidates)",3,1,3,5,1,2,2,6,3,0
"""Ineffective Issue Resolution.""",1,0,0,0,0,0,0,0,0,0
'Poor Communication',1,0,0,0,0,0,0,0,1,0
Incorrect Order Handling,1,0,0,0,0,0,0,0,0,0
'Unresponsiveness problems',2,1,0,0,5,0,2,2,1,1
Ineffective Resolution Process,1,0,0,0,0,0,0,0,0,0
Delivery Partner Issue,1,0,0,0,0,0,1,1,0,0
'Lack of Updates',1,0,0,0,0,0,0,0,0,0
'Food Safety Concerns',1,0,0,0,0,0,0,0,0,0
'Annoying AI Chat Experience',1,0,0,1,0,0,0,0,0,0
App Service Issues,1,0,0,0,0,0,0,0,0,0
"The new topic ""Delivery Time Issue"" matches the canonical candidate ""Delivery issue"". 

Canonical Topic: Delivery issue",1,0,0,0,0,0,0,0,0,0
'Unhelpful Customer Care',2,1,0,0,1,0,2,2,0,0
Ineffective Complaint Handling,1,1,0,0,0,0,0,0,0,0
Delivery Time,2,1,4,3,0,2,0,2,3,0
Cancellation Policy,1,0,1,0,1,0,0,1,1,0
"""Inadequate Communication""",1,0,0,0,0,0,0,0,0,0
"""Long Wait Times""",1,0,0,0,0,0,0,0,0,0
Fraudulent App,1,0,0,0,0,0,0,0,0,0
"""Order Fulfillment Issues"" 

The new topic is semantically identical to ""Order Fulfillment Issues"".",1,0,0,0,0,0,0,0,0,0
Coupon Policy Problems,1,0,0,0,0,0,0,0,0,0
Rain Fee Charges,1,0,0,1,0,0,0,0,0,0
Return and Refund Policy,1,0,0,0,0,0,0,0,0,0
'Expired Product',1,0,0,0,0,0,0,0,0,0
'Poor App Experience',1,0,0,1,0,1,0,1,0,0
Late Order Fulfillment,1,0,0,0,0,0,0,0,0,0
'Incorrect Order Cancellation',1,0,0,0,0,0,0,1,0,0
"Unreliable Order Fulfillment 

The new topic is semantically identical to the canonical topic 'Unreliable Order Fulfillment'.",1,1,0,0,0,0,0,0,1,0
Customer Support,1,2,2,1,0,1,1,0,3,0
"""No Returns Allowed"" is semantically identical to ""No Refund System"". 

Canonical Topic: No Refund System",1,0,0,0,0,0,0,0,0,0
Ineffective Communication.,1,0,0,0,0,0,0,0,0,0
Poor Service,1,2,4,0,0,5,0,0,1,0
'Late Delivery',1,1,1,0,0,0,0,0,0,0
'Late Orders',1,1,1,0,0,0,0,0,0,0
Worst Customer Service,1,0,0,0,0,0,0,1,1,0
Poor Delivery Partner,1,0,1,0,0,0,0,0,0,0
Ineffective Chatbot Support,1,0,0,0,0,0,0,0,0,0
Order Cancellation Issues,1,2,0,0,2,3,3,0,2,0
'Uselessness of App',1,0,0,0,0,0,0,0,0,0
'Product failure',1,0,0,0,0,0,0,0,0,0
Poor Service Quality,1,1,0,0,1,0,3,1,1,0
Delivery Service Quality,0,1,0,2,0,1,1,2,1,0
Payment Not Processed,0,1,0,0,0,0,0,0,0,0
'App Functionality Problems',0,1,0,0,1,0,0,0,1,0
'Unfair Business Practices',0,1,0,0,0,0,0,0,1,0
'Return/Refund Issues',0,1,0,1,2,0,0,0,1,0
Unreliable Order Status,0,1,0,0,0,0,0,0,0,0
"""Here are the distinct issues and feedback points extracted from the review:\n\nDelivery Partner Issues""",0,1,0,0,0,0,1,0,0,0
Late Order Pickup,0,1,0,0,0,0,0,0,0,0
Unfair Platform Fees,0,1,0,0,0,0,0,0,0,0
Misleading Practices,0,1,0,0,0,0,0,0,0,0
Inconsistent Delivery Times,0,1,0,0,0,0,0,0,0,0
Order Cancellation,0,2,2,2,1,2,0,1,1,0
"'Unfulfilled Refund Promise' is semantically identical to 'Untrustworthy Store Policy'. 

Canonical Topic: Untrustworthy Store Policy",0,1,0,0,0,0,0,0,0,0
Unresolved Issues,0,2,0,0,0,0,1,0,0,0
Cancellation Issue,0,1,0,0,0,0,0,0,0,0
"""Order Taking Issues"" is semantically identical to ""Order Confirmation Issues"". 

Canonical Topic: Order Confirmation Issues",0,1,0,0,0,0,0,0,0,0
Fast Delivery,0,1,1,0,0,0,0,0,0,0
"""N/A 

There is not enough information in the review to identify distinct issues, requests, or feedback points.""",0,1,1,0,0,0,0,0,0,0
Price Discrepancy,0,1,0,0,0,0,0,0,0,0
Inaccurate Delivery Time Estimate,0,1,0,0,0,0,0,1,0,0
Poor Technical Support,0,1,0,0,0,0,0,0,0,0
'Lack of Options',0,1,1,0,0,0,0,0,0,0
Unfair Platform Fee,0,1,0,0,0,0,0,0,0,0
Incorrect Order Fulfillment,0,1,0,0,4,0,0,1,0,0
Missing Delivery Information,0,1,0,0,0,0,0,0,0,0
Misleading Coupons,0,1,0,0,0,0,0,0,0,0
Cancellation Fee Deduction,0,1,0,0,0,0,0,0,0,0
'Inaccurate Estimated Delivery Time',0,1,0,0,0,0,0,0,0,0
'NEW_TOPIC',0,3,5,4,3,2,1,2,1,0
App Legitimacy Questioned,0,1,0,0,0,0,0,0,0,0
Ineffective Support Resolution.,0,1,0,0,0,0,0,0,0,0
"""नियम तोड़ने वाली बड़ी कंपनियां""

The new topic ""शाकाहारी खाद्य पदार्थ में चिकन रोल आना"" is semantically identical to the canonical candidate ""नियम तोड़ने वाली बड़ी कंपनियां"", as both refer to a situation where a large company has broken rules or norms.",0,1,0,0,0,0,0,0,0,0
"""Delays""",0,1,0,0,0,0,0,0,0,0
Unresolved Technical Issue,0,1,0,0,0,0,0,0,0,0
"""Here are the distinct issues, requests, or feedback points extracted from the review:\n\nOrder Cancellation Issue""",0,1,0,0,0,0,0,0,0,0
"'Inconsistent Refund Timeline' is semantically identical to 'Refund Policy Problems'. 

Canonical Topic: 'Refund Policy Problems'",0,1,0,0,0,0,0,0,0,0
Unresponsive Delivery Partner,0,1,0,0,0,0,0,0,0,0
'Wrong Order',0,1,0,0,0,0,0,1,0,0
Order Fulfillment,0,1,0,0,0,0,0,1,0,0
App User Experience,0,1,0,0,0,0,0,0,0,0
"""Delivery Partner Issues""",0,1,0,0,0,1,1,0,0,0
"'App Cancels Orders' is semantically identical to 'Cancelled Orders'. 

Canonical Topic: 'Cancelled Orders'",0,1,0,0,0,0,0,0,0,0
'Poor Restaurant Response',0,1,0,0,0,0,0,0,0,0
'Poor Value for Money',0,1,0,0,0,0,1,0,0,0
"""Delivery Time Delay"" is semantically identical to ""Delivery Time"".",0,1,0,0,0,0,0,0,0,0
Delivery Partner Issues,0,1,1,0,2,0,2,0,1,0
No Refund Option,0,1,0,0,0,0,0,0,0,0
'Broken Promises',0,1,0,0,0,0,2,0,0,0
"Misleading Consumers 

Explanation: The meaning of ""Misleading Consumers"" is semantically identical to ""Misrepresentation"".",0,0,1,0,0,0,0,0,0,0
Poor Customer Service,0,0,1,0,1,0,0,0,0,0
"""Unprofessional Behavior""",0,0,1,0,0,0,0,0,0,1
Order Accuracy Issue,0,0,1,0,0,0,0,0,0,0
Exploitative Practices,0,0,1,0,0,0,0,0,0,0
"""Duplicate Charges Issue""",0,0,1,0,0,0,0,0,0,0
Late Night Order Issues,0,0,1,0,0,0,0,0,0,0
Missing Refund,0,0,1,0,0,1,1,1,0,0
"""Refund Policy""",0,0,1,0,0,0,0,0,0,0
"'Excess Item Charges' is semantically identical to 'Charging Extra Fees'. 

Canonical Topic: Charging Extra Fees",0,0,1,0,0,0,0,0,0,0
'Inaccurate Product Description',0,0,1,0,0,0,0,0,0,0
Comparison with Competitors,0,0,1,0,0,0,0,0,0,0
Lack of Refund,0,0,1,0,0,1,0,0,0,0
Poor Customer Support,0,0,2,0,0,0,0,0,0,0
'Unsatisfactory User Experience',0,0,1,1,0,0,0,0,0,0
'Ease of Use',0,0,1,0,0,0,0,0,0,0
Order Not Refunded,0,0,1,0,0,0,0,0,0,0
Partner Delivery Issues,0,0,1,0,0,0,0,0,0,0
Late Delivery Time,0,0,2,0,0,0,0,0,0,0
'High Delivery Costs',0,0,1,0,0,0,0,0,0,0
'Cancelled Orders',0,0,1,0,0,1,0,0,0,0
GST Charge,0,0,1,0,0,0,0,0,0,0
Inadequate Refund,0,0,1,0,0,0,0,1,0,0
Inaccurate Order Fulfillment,0,0,1,0,0,0,0,0,0,0
Misleading Voucher Offer,0,0,1,0,0,0,0,0,0,0
'Lack of Resolution',0,0,1,0,0,0,0,0,1,0
'Poor Partner Support',0,0,1,0,0,0,0,0,0,0
'Poor User Experience',0,0,1,1,2,1,0,0,0,0
"""App is a Scam""",0,0,1,0,0,0,0,0,0,0
"""Cancelled Orders""",0,0,1,0,0,0,0,0,0,0
Unhelpful Staff,0,0,1,0,0,0,0,0,0,0
Refund Request,0,0,0,1,0,0,0,1,0,1
Loss of Trust,0,0,0,1,0,0,0,0,0,0
Inefficient Complaint Resolution.,0,0,0,1,0,0,0,0,0,0
'Inadequate Communication',0,0,0,1,1,1,1,1,0,0
No Response to Calls,0,0,0,1,0,0,0,0,0,0
'Cold Food',0,0,0,1,0,0,0,0,0,0
"""Bad Quality Food""",0,0,0,1,1,1,0,0,0,0
"""Charge Deduction Issue"" is semantically identical to ""Cancellation Fee Charges"". 

Canonical Topic: Cancellation Fee Charges",0,0,0,1,0,0,0,0,0,0
"""Uncooperative Support Team""

The new topic is semantically identical to one of the canonical candidates.",0,0,0,1,0,0,0,0,0,0
Delivery Partner Unresponsive,0,0,0,1,0,0,0,0,0,0
'Poor Customer Service'.,0,0,0,1,0,0,0,0,0,0
"'Unreliable Payment Method' is semantically identical to 'Unreliable Order Handling'. 

Canonical Topic: Unreliable Order Handling",0,0,0,1,0,0,0,0,0,0
'Unfair Delivery Charge',0,0,0,1,0,0,0,0,0,0
'Order Not Being Processed',0,0,0,1,0,0,0,1,0,0
'Nice App',0,0,0,1,0,0,0,0,0,0
'Unacceptable Business Practices',0,0,0,1,0,0,0,0,0,0
"""Distance Accuracy""",0,0,0,1,0,0,0,0,0,0
"'Poor Delivery Condition' is semantically identical to 'Delivery Quality'. 

Canonical Topic: 'Delivery Quality'",0,0,0,1,0,0,0,0,0,0
Delivery Partner Rude,0,0,0,1,0,0,0,0,0,0
'Lack of Offers',0,0,0,1,0,0,0,0,0,0
App Functionality Issues,0,0,0,1,0,0,0,0,0,0
"Poor Customer Service is semantically identical to ""Lack of Customer Centricity"". 

Canonical Topic: Lack of Customer Centricity",0,0,0,1,0,0,0,0,1,0
Missing Order Details,0,0,0,1,0,0,0,0,0,0
Rude Staff,0,0,0,1,0,0,0,0,0,0
'Conflicting Order Status Updates',0,0,0,1,0,0,0,0,0,0
'Prompt Refund Request',0,0,0,1,0,0,0,0,0,0
"""Return/Refund Issues""",0,0,0,1,0,0,0,0,0,0
Unresponsive Agents,0,0,0,1,0,0,0,0,0,0
'Lack of Notification',0,0,0,1,1,0,0,0,0,0
'Charging Extra Fees',0,0,0,1,1,0,0,1,0,0
"""Long Delivery Times""

The new topic is semantically identical to one of the canonical candidates.",0,0,0,1,0,0,1,0,0,0
'Misleading Order Status',0,0,0,1,0,0,0,1,0,0
Inaccurate Estimated Time,0,0,0,1,0,0,0,0,0,0
Customer Support Response,0,0,0,0,1,0,0,0,1,0
'Offers',0,0,0,0,3,0,1,1,0,0
Order Cancellation Delay,0,0,0,0,1,0,0,0,0,0
Inefficient Delivery Chain,0,0,0,0,1,0,0,0,0,0
"""Cancellation Policy Issue""",0,0,0,0,1,0,0,0,1,0
'Wrong Orders Delivered',0,0,0,0,1,1,0,2,0,0
Poor Customer Support Experience,0,0,0,0,1,0,0,0,0,0
"""Prices""",0,0,0,0,1,0,0,0,0,0
'Location Selection Process',0,0,0,0,1,0,1,0,0,0
App Functionality,0,0,0,0,1,0,0,0,0,0
'Unreliable Delivery.',0,0,0,0,1,0,0,1,1,0
Discount,0,0,0,0,1,0,0,0,0,0
Payment Method Issue,0,0,0,0,1,0,0,0,0,0
Cash on Delivery Option,0,0,0,0,2,0,0,0,0,0
"""No Refund System""",0,0,0,0,1,1,1,0,1,0
Order Placement Problems,0,0,0,0,1,0,0,0,0,0
'Loss of Money'.,0,0,0,0,1,0,0,0,0,0
Payment Issue,0,0,0,0,1,0,0,0,0,0
Excessive Promotional Notifications,0,0,0,0,1,0,0,0,0,0
"""Food Quality""",0,0,0,0,1,0,0,0,0,0
"Cash on Delivery Issue 

The new topic is semantically identical to one of the canonical candidates.",0,0,0,0,1,0,0,0,0,0
Wrong Order Fulfillment,0,0,0,0,1,0,0,0,0,0
Delivery Service Quality.,0,0,0,0,1,0,0,0,0,0
Payment Application Issues,0,0,0,0,1,0,0,0,0,0
'Incorrect Charge',0,0,0,0,1,0,0,0,0,0
Missing Item Refund,0,0,0,0,1,0,0,0,0,0
'Ineffective Help System',0,0,0,0,1,0,0,0,0,0
"Ineffective Help Chat 

The new topic is semantically identical to one of the candidates.",0,0,0,0,1,0,0,0,0,0
Order Processing Issues,0,0,0,0,1,1,0,0,0,0
'Availability of Options' matches semantically with 'Alternative Options'.,0,0,0,0,1,0,0,0,0,0
'Unprofessional Delivery Boy',0,0,0,0,1,0,0,0,0,0
'Unreliable Service Provider',0,0,0,0,1,0,0,0,1,0
"""Speed""",0,0,0,0,1,0,0,0,0,0
'Food Order Experience',0,0,0,0,0,1,0,1,0,0
Delivery App Issues,0,0,0,0,0,1,0,0,1,0
"""Cold Food""",0,0,0,0,0,1,0,0,0,0
"""Wrong Order""",0,0,0,0,0,1,0,0,0,0
"""Delivery Time Inconsistency"" is semantically identical to ""Poor Delivery Experience"". 

Canonical Topic: Poor Delivery Experience",0,0,0,0,0,1,0,0,0,0
'Unprofessional Behavior',0,0,0,0,0,2,1,0,0,0
'Unacceptable Service',0,0,0,0,0,1,0,0,0,0
Poor Order Management,0,0,0,0,0,1,0,1,0,0
"""Delivery issue""",0,0,0,0,0,1,0,0,0,0
"'Unprofessional Customer Support' is semantically identical to 'Unhelpful Customer Care'. 

Canonical Topic: Unhelpful Customer Care",0,0,0,0,0,1,0,0,0,0
Miscommunication with Customer Support,0,0,0,0,0,1,0,0,0,0
GST Charges,0,0,0,0,0,1,0,0,0,0
Gown Quality,0,0,0,0,0,1,0,0,0,0
"""Food Contamination Issue"" 

The new topic is semantically identical to one of the canonical candidates.",0,0,0,0,0,1,0,0,0,0
Refund Policy Issues,0,0,0,0,0,1,0,0,1,0
Delivery Partner Delay,0,0,0,0,0,1,0,0,0,0
Inadequate Resolution Process,0,0,0,0,0,1,0,0,0,0
"'Rude Rider Behaviour' is semantically identical to 'Unprofessional Behavior'. 

Canonical Topic: Unprofessional Behavior",0,0,0,0,0,1,0,0,0,0
'Food Delivery Experience',0,0,0,0,0,1,0,0,0,0
'No Response from Customer Care',0,0,0,0,0,2,0,0,0,0
Delivery Time Estimates,0,0,0,0,0,1,0,0,0,0
'Order Cancellation without Refund',0,0,0,0,0,1,0,0,0,0
Refund request,0,0,0,0,0,1,0,0,0,0
'Loss of Money',0,0,0,0,0,1,0,0,0,0
Refund of Extra Payment,0,0,0,0,0,1,0,0,0,0
Duplicate Payment Collection,0,0,0,0,0,1,0,0,0,0
Wait Time for Delivery,0,0,0,0,0,2,0,0,0,0
"""Food Quality Issues""",0,0,0,0,0,1,0,0,0,0
'Health Concerns',0,0,0,0,0,1,0,0,0,0
Cancellation Fee Charges,0,0,0,0,0,0,2,0,0,0
'Customer Service',0,0,0,0,0,0,1,0,0,0
Missing Invoice,0,0,0,0,0,0,1,0,0,0
Inefficient Delivery Partners.,0,0,0,0,0,0,1,0,0,0
'Chatbot Functionality',0,0,0,0,0,0,1,0,0,0
'Order Not Cancelled',0,0,0,0,0,0,1,0,0,0
Missing Items Received,0,0,0,0,0,0,1,0,0,0
"""Here are the distinct issues and feedback points extracted from the review:\n\nCancellation Policy""",0,0,0,0,0,0,1,0,0,0
'Unfair Taxation',0,0,0,0,0,0,1,0,0,0
'Incorrect Address Display',0,0,0,0,0,0,1,0,0,0
'Lack of Order Status Update',0,0,0,0,0,0,2,0,1,0
Order Delivery Time Delay,0,0,0,0,0,0,1,0,0,0
'Unclear Communication.',0,0,0,0,0,0,1,0,0,0
Order Cancellation Option,0,0,0,0,0,0,1,0,0,0
"""Unfair Billing Practices""",0,0,0,0,0,0,1,0,0,0
'Lack of Refund Policy',0,0,0,0,0,0,1,1,0,0
Missing Product Refund.,0,0,0,0,0,0,1,0,0,0
"""Charging Extra Fees""",0,0,0,0,0,0,0,1,0,0
"'Poor Address Understanding.' is semantically identical to 'Address Change Problem'. 

Canonical Topic: 'Address Change Problem'",0,0,0,0,0,0,0,1,0,0
Delivery Partner Unavailability,0,0,0,0,0,0,0,1,0,0
'Poor Communication.',0,0,0,0,0,0,0,1,0,0
App Quality Problems,0,0,0,0,0,0,0,1,0,0
Payment Process,0,0,0,0,0,0,0,1,0,0
'Product Quantity',0,0,0,0,0,0,0,1,0,0
Coupon Validity,0,0,0,0,0,0,0,1,0,0
Unavailable Refunds,0,0,0,0,0,0,0,1,0,0
Excessive Charges,0,0,0,0,0,0,0,1,1,0
Inaccurate Delivery Time Estimates,0,0,0,0,0,0,0,1,0,0
'Unexpected Additional Charges' matches with 'Charging Extra Fees'.,0,0,0,0,0,0,0,1,0,0
'Price too high',0,0,0,0,0,0,0,1,0,0
"""Swiggy App Experience""",0,0,0,0,0,0,0,1,0,0
'Unfair Fee Charges',0,0,0,0,0,0,0,1,0,0
'Unreliable Delivery',0,0,0,0,0,0,0,1,0,0
"""Scamming Practices""",0,0,0,0,0,0,0,1,0,0
'Maintenance Quality' is semantically identical to 'Service Improvement Needed'.,0,0,0,0,0,0,0,1,0,0
Customer Care,0,0,0,0,0,0,0,1,0,0
"""Unfair Delivery Charge""",0,0,0,0,0,0,0,1,0,0
Poor Delivery Packaging,0,0,0,0,0,0,0,1,0,0
"Missing Item in Delivery 

The canonical topic is semantically identical to the new topic.",0,0,0,0,0,0,0,1,0,0
Store Closure Notification,0,0,0,0,0,0,0,1,0,0
"""Unresponsive Customer Service"" is semantically identical to ""Ungrateful Customer Service"". 

Canonical Topic: Ungrateful Customer Service",0,0,0,0,0,0,0,1,0,0
'Pathetic Service',0,0,0,0,0,0,0,1,0,0
App Navigation Issue,0,0,0,0,0,0,0,1,0,0
Customer Care Service,0,0,0,0,0,0,0,0,1,0
Unprofessional Staff,0,0,0,0,0,0,0,0,1,0
Hidden Fees Charged,0,0,0,0,0,0,0,0,1,0
Unnecessary Rain Fee,0,0,0,0,0,0,0,0,1,0
Unfair Pricing Practice,0,0,0,0,0,0,0,0,1,0
Comparison of Offers,0,0,0,0,0,0,0,0,1,0
Affordable Food Prices,0,0,0,0,0,0,0,0,1,0
Fraudulent Delivery Partner,0,0,0,0,0,0,0,0,1,0
"'Connectivity Issues' 

The new topic is semantically identical to one of the candidates.",0,0,0,0,0,0,0,0,1,0
Payment Method Problems,0,0,0,0,0,0,0,0,1,0
Menu Interface Improvements Needed,0,0,0,0,0,0,0,0,1,0
'Speed',0,0,0,0,0,0,0,0,1,0
"""Food Delivery Issues""",0,0,0,0,0,0,0,0,1,0
Order Processing Issue,0,0,0,0,0,0,0,0,1,0
'Order Processing Speed',0,0,0,0,0,0,0,0,1,0
Order Cancellation Process,0,0,0,0,0,0,0,0,1,0
Unreliable Delivery Partner,0,0,0,0,0,0,0,0,1,0
"""Defective Product Delivery""",0,0,0,0,0,0,0,0,1,0
Inefficient Complaint Resolution Process.,0,0,0,0,0,0,0,0,1,0
Delivery Charges,0,0,0,0,0,0,0,0,1,0
Order Cancellation Reason,0,0,0,0,0,0,0,0,1,0
'Inadequate Service',0,0,0,0,0,0,0,0,1,0
"""No Response from Support"" 

The new topic is semantically identical to one of the canonical candidates.",0,0,0,0,0,0,0,0,1,0
Order Cancellation Problems,0,0,0,0,0,0,0,0,1,0
'Poor Service Provider',0,0,0,0,0,0,0,0,1,0
'Poor Quality',0,0,0,0,0,0,0,0,1,0
"""Uselessness of App""",0,0,0,0,0,0,0,0,0,1
"""Bad Customer Service""",0,0,0,0,0,0,0,0,0,1
'Food Delivery Issues',0,0,0,0,0,0,0,0,0,1
"""Delivery Time Issues"" is semantically identical to ""Delivery Time Inquiry"". 

Canonical Topic: Delivery Time Inquiry",0,0,0,0,0,0,0,0,0,1
'Delivery partner rude',0,0,0,0,0,0,0,0,0,1
